stage	case	before_ms	after_ms	change_percent	before_cv_percent	after_cv_percent	artifacts
initial	parse/mccarthy91	0.090173	0.088675	-1.66	8.41	17.65	target/benchmarks/front-refactor-comparison
initial	load/library	5.985335	5.920427	-1.08	6.71	5.72	target/benchmarks/front-refactor-comparison
initial	check/library	2536.026422	2481.248041	-2.16	2.34	2.76	target/benchmarks/front-refactor-comparison
initial	pipeline/library	2506.305395	2574.437927	+2.72	4.31	3.27	target/benchmarks/front-refactor-comparison
initial	pipeline/mccarthy91	48.193814	48.841772	+1.34	9.01	4.81	target/benchmarks/front-refactor-comparison
initial	instantiate/128x16-unused	1.605335	1.641540	+2.26	16.42	7.64	target/benchmarks/front-refactor-comparison
initial	instantiate/128x16-one-each	1.804851	1.738078	-3.70	16.74	7.81	target/benchmarks/front-refactor-comparison
initial	normalize/beta256	0.006882	0.006938	+0.80	9.71	3.84	target/benchmarks/front-refactor-comparison
initial	kernel/closure64x128	0.006076	0.005389	-11.31	13.38	8.72	target/benchmarks/front-refactor-comparison
initial	evaluate/countdown32	0.220366	0.215619	-2.15	10.64	8.90	target/benchmarks/front-refactor-comparison
initial	evaluate/countdown128	2.943833	3.228930	+9.68	11.85	9.71	target/benchmarks/front-refactor-comparison
evaluate-repeat	evaluate/countdown32	0.192310	0.214215	+11.39	12.53	17.75	target/benchmarks/front-refactor-evaluate
evaluate-repeat	evaluate/countdown128	2.515046	2.732221	+8.64	6.24	5.69	target/benchmarks/front-refactor-evaluate
evaluate-adjusted	evaluate/countdown32	0.208973	0.195741	-6.33	13.18	4.59	target/benchmarks/front-refactor-fast-path
evaluate-adjusted	evaluate/countdown128	2.668770	2.711850	+1.61	12.64	6.22	target/benchmarks/front-refactor-fast-path
generic-all	parse/mccarthy91	0.084941	0.089459	+5.32	2.91	4.27	target/benchmarks/front-refactor-final
generic-all	load/library	5.670090	5.927898	+4.55	2.80	3.85	target/benchmarks/front-refactor-final
generic-all	check/library	2479.845841	2511.805540	+1.29	2.99	2.01	target/benchmarks/front-refactor-final
generic-all	pipeline/library	2472.392180	2511.562602	+1.58	1.51	3.17	target/benchmarks/front-refactor-final
generic-all	pipeline/mccarthy91	45.247562	48.048430	+6.19	2.71	1.96	target/benchmarks/front-refactor-final
generic-all	instantiate/128x16-unused	1.593075	1.659380	+4.16	3.75	5.19	target/benchmarks/front-refactor-final
generic-all	instantiate/128x16-one-each	1.637289	1.703477	+4.04	4.57	4.44	target/benchmarks/front-refactor-final
generic-all	normalize/beta256	0.006236	0.006748	+8.22	3.60	5.80	target/benchmarks/front-refactor-final
generic-all	kernel/closure64x128	0.005516	0.005449	-1.21	5.47	3.62	target/benchmarks/front-refactor-final
generic-all	evaluate/countdown32	0.192406	0.207325	+7.75	3.39	9.37	target/benchmarks/front-refactor-final
generic-all	evaluate/countdown128	2.698817	2.884196	+6.87	4.63	6.71	target/benchmarks/front-refactor-final
generic-shared-types	evaluate/countdown32	0.185780	0.198410	+6.80	12.81	2.87	target/benchmarks/front-refactor-shared-types
generic-shared-types	evaluate/countdown128	2.500624	2.686580	+7.44	5.40	7.61	target/benchmarks/front-refactor-shared-types
specialized	evaluate/countdown32	0.200113	0.203111	+1.50	9.89	11.43	target/benchmarks/front-refactor-specialized
specialized	evaluate/countdown128	2.591420	2.571731	-0.76	8.10	5.61	target/benchmarks/front-refactor-specialized
remapping-all	parse/mccarthy91	0.092109	0.087529	-4.97	7.61	3.46	target/benchmarks/front-refactor-accepted
remapping-all	load/library	5.778277	5.872520	+1.63	4.77	3.37	target/benchmarks/front-refactor-accepted
remapping-all	check/library	2603.179843	2459.712968	-5.51	5.23	1.17	target/benchmarks/front-refactor-accepted
remapping-all	pipeline/library	2536.744954	2465.455830	-2.81	5.20	6.84	target/benchmarks/front-refactor-accepted
remapping-all	pipeline/mccarthy91	45.930461	45.520485	-0.89	3.13	2.15	target/benchmarks/front-refactor-accepted
remapping-all	instantiate/128x16-unused	1.534229	1.601007	+4.35	3.02	5.98	target/benchmarks/front-refactor-accepted
remapping-all	instantiate/128x16-one-each	1.631421	1.676751	+2.78	5.90	4.19	target/benchmarks/front-refactor-accepted
remapping-all	normalize/beta256	0.006288	0.006567	+4.44	2.58	3.51	target/benchmarks/front-refactor-accepted
remapping-all	kernel/closure64x128	0.005682	0.005434	-4.37	2.94	2.58	target/benchmarks/front-refactor-accepted
remapping-all	evaluate/countdown32	0.193446	0.208171	+7.61	2.47	9.41	target/benchmarks/front-refactor-accepted
remapping-all	evaluate/countdown128	2.744586	2.741597	-0.11	5.00	7.82	target/benchmarks/front-refactor-accepted
remapping-instantiate	instantiate/128x16-unused	1.569187	1.673291	+6.63	3.76	3.26	target/benchmarks/front-refactor-short-instantiate
remapping-instantiate	instantiate/128x16-one-each	1.629772	1.742073	+6.89	4.82	3.08	target/benchmarks/front-refactor-short-instantiate
remapping-normalize	normalize/beta256	0.006104	0.006762	+10.78	4.01	2.14	target/benchmarks/front-refactor-short-normalize
remapping-evaluate32	evaluate/countdown32	0.187262	0.191662	+2.35	11.67	5.84	target/benchmarks/front-refactor-short-evaluate32
lowering	instantiate/128x16-unused	1.703922	1.587435	-6.84	7.26	4.19	target/benchmarks/front-refactor-lowering
lowering	instantiate/128x16-one-each	1.714250	1.742753	+1.66	6.16	10.75	target/benchmarks/front-refactor-lowering
lowering-all	parse/mccarthy91	0.088813	0.089875	+1.20	4.96	7.49	target/benchmarks/front-refactor-confirmed
lowering-all	load/library	6.025515	6.124499	+1.64	4.27	4.91	target/benchmarks/front-refactor-confirmed
lowering-all	check/library	2464.185645	2446.246312	-0.73	5.52	2.51	target/benchmarks/front-refactor-confirmed
lowering-all	pipeline/library	2527.128528	2394.331242	-5.25	3.94	4.08	target/benchmarks/front-refactor-confirmed
lowering-all	pipeline/mccarthy91	47.048703	47.762989	+1.52	6.49	5.93	target/benchmarks/front-refactor-confirmed
lowering-all	instantiate/128x16-unused	1.569280	1.633314	+4.08	7.39	6.85	target/benchmarks/front-refactor-confirmed
lowering-all	instantiate/128x16-one-each	1.591684	1.609441	+1.12	7.45	3.50	target/benchmarks/front-refactor-confirmed
lowering-all	normalize/beta256	0.006078	0.006118	+0.66	4.91	3.68	target/benchmarks/front-refactor-confirmed
lowering-all	kernel/closure64x128	0.005444	0.005707	+4.83	7.79	6.28	target/benchmarks/front-refactor-confirmed
lowering-all	evaluate/countdown32	0.185760	0.209803	+12.94	5.64	6.25	target/benchmarks/front-refactor-confirmed
lowering-all	evaluate/countdown128	2.615233	2.690508	+2.88	4.11	3.83	target/benchmarks/front-refactor-confirmed
reflection	evaluate/countdown32	0.206295	0.192022	-6.92	16.69	8.71	target/benchmarks/front-refactor-reflection
reflection	evaluate/countdown128	2.601368	2.557930	-1.67	4.31	4.80	target/benchmarks/front-refactor-reflection
reflection-all	parse/mccarthy91	0.089189	0.086741	-2.74	3.66	6.29	target/benchmarks/front-refactor-result
reflection-all	load/library	6.106117	5.763036	-5.62	4.84	6.62	target/benchmarks/front-refactor-result
reflection-all	check/library	2564.543050	2493.823845	-2.76	4.84	5.26	target/benchmarks/front-refactor-result
reflection-all	pipeline/library	2532.844162	2473.474489	-2.34	3.00	2.37	target/benchmarks/front-refactor-result
reflection-all	pipeline/mccarthy91	48.889543	45.224079	-7.50	3.49	4.50	target/benchmarks/front-refactor-result
reflection-all	instantiate/128x16-unused	1.599222	1.579942	-1.21	3.08	6.06	target/benchmarks/front-refactor-result
reflection-all	instantiate/128x16-one-each	1.596871	1.637210	+2.53	3.35	6.22	target/benchmarks/front-refactor-result
reflection-all	normalize/beta256	0.006249	0.006911	+10.59	4.35	4.80	target/benchmarks/front-refactor-result
reflection-all	kernel/closure64x128	0.005732	0.005669	-1.10	5.72	9.04	target/benchmarks/front-refactor-result
reflection-all	evaluate/countdown32	0.193367	0.196012	+1.37	7.31	3.69	target/benchmarks/front-refactor-result
reflection-all	evaluate/countdown128	2.715252	2.811835	+3.56	6.90	5.59	target/benchmarks/front-refactor-result
beta	normalize/beta256	0.006735	0.006507	-3.37	6.65	3.20	target/benchmarks/front-refactor-beta
final	parse/mccarthy91	0.084373	0.085272	+1.07	3.91	14.74	target/benchmarks/front-refactor-final-results
final	load/library	6.068405	5.700197	-6.07	8.32	6.45	target/benchmarks/front-refactor-final-results
final	check/library	2475.756058	2383.888397	-3.71	7.23	10.01	target/benchmarks/front-refactor-final-results
final	pipeline/library	2345.783833	2297.769970	-2.05	5.36	6.49	target/benchmarks/front-refactor-final-results
final	pipeline/mccarthy91	44.477513	43.339204	-2.56	9.76	3.92	target/benchmarks/front-refactor-final-results
final	instantiate/128x16-unused	1.469698	1.512482	+2.91	4.18	4.29	target/benchmarks/front-refactor-final-results
final	instantiate/128x16-one-each	1.528730	1.543789	+0.99	4.55	6.14	target/benchmarks/front-refactor-final-results
final	normalize/beta256	0.005952	0.005940	-0.21	5.30	3.96	target/benchmarks/front-refactor-final-results
final	kernel/closure64x128	0.005177	0.005461	+5.47	4.02	7.22	target/benchmarks/front-refactor-final-results
final	evaluate/countdown32	0.184680	0.185185	+0.27	6.19	6.48	target/benchmarks/front-refactor-final-results
final	evaluate/countdown128	2.468231	2.474286	+0.25	2.87	12.64	target/benchmarks/front-refactor-final-results
